{"cameraMode":{"drawMode":0,"name":"Shaded","section":"Shading Mode"},"sceneLighting":false,"audioPlay":false,"sceneViewState":{"m_AlwaysRefresh":false,"showFog":true,"showSkybox":false,"showFlares":true,"showImageEffects":true,"showParticleSystems":true,"showVisualEffectGraphs":true,"m_FxEnabled":true},"in2DMode":false,"pivot":{"x":0.19680127501487733,"y":0.6247676610946655,"z":-0.2800939083099365},"rotation":{"x":-0.0008751611458137631,"y":0.9948911666870117,"z":-0.10063596814870835,"w":-0.00865434855222702},"size":1.3449110984802247,"orthographic":false}